Modelo,Resultado
Random Forest,0.6415452818239392
AdaBoost,0.6453451551614946
Regresión logística,0.6371120962634579
Bagging,0.6282457251424952
XGBoost,0.6130462317922736
